-- ============================================================
-- SkinProject — Seed-Daten (optional, für erste Tests)
-- Im Supabase SQL-Editor NACH schema.sql UND policies.sql ausführen.
-- ============================================================

insert into locations (id, name, address, vat_number) values
  ('11111111-1111-1111-1111-111111111111', 'SkinProject Zürich', 'Langstrasse 4, 8004 Zürich', 'CHE-123.456.789');

insert into artists (id, location_id, name, email, phone, revenue_share_pct, calendar_color, status) values
  ('22222222-2222-2222-2222-222222222221', '11111111-1111-1111-1111-111111111111', 'Nina Berger', 'nina@skinproject.ch', '079 888 22 11', 60, '#B08D3D', 'active'),
  ('22222222-2222-2222-2222-222222222222', '11111111-1111-1111-1111-111111111111', 'Tom Rossi', 'tom@skinproject.ch', '079 888 22 12', 55, '#7A8A99', 'active');

insert into service_categories (id, location_id, name, sort_order) values
  ('33333333-3333-3333-3333-333333333331', '11111111-1111-1111-1111-111111111111', 'Tattoo', 1),
  ('33333333-3333-3333-3333-333333333332', '11111111-1111-1111-1111-111111111111', 'Piercing', 2),
  ('33333333-3333-3333-3333-333333333333', '11111111-1111-1111-1111-111111111111', 'Beratung', 3);

insert into services (id, category_id, name, duration_minutes, price, active) values
  ('44444444-4444-4444-4444-444444444441', '33333333-3333-3333-3333-333333333331', 'Sleeve Session', 180, 380.00, true),
  ('44444444-4444-4444-4444-444444444442', '33333333-3333-3333-3333-333333333331', 'Cover-Up klein', 90, 220.00, true),
  ('44444444-4444-4444-4444-444444444443', '33333333-3333-3333-3333-333333333332', 'Piercing Ohr', 20, 60.00, true),
  ('44444444-4444-4444-4444-444444444444', '33333333-3333-3333-3333-333333333333', 'Beratung', 30, 0.00, false);

insert into product_categories (id, location_id, name, sort_order) values
  ('55555555-5555-5555-5555-555555555551', '11111111-1111-1111-1111-111111111111', 'Pflege', 1),
  ('55555555-5555-5555-5555-555555555552', '11111111-1111-1111-1111-111111111111', 'Schmuck', 2),
  ('55555555-5555-5555-5555-555555555553', '11111111-1111-1111-1111-111111111111', 'Merch', 3);

insert into products (id, category_id, name, price, barcode, active) values
  ('66666666-6666-6666-6666-666666666661', '55555555-5555-5555-5555-555555555551', 'Heilsalbe 50ml', 18.00, '7640123456789', true),
  ('66666666-6666-6666-6666-666666666662', '55555555-5555-5555-5555-555555555552', 'Ohrstecker Titan', 25.00, '7640123456790', true),
  ('66666666-6666-6666-6666-666666666663', '55555555-5555-5555-5555-555555555553', 'Studio T-Shirt', 35.00, '7640123456791', false);

insert into customers (id, vorname, name, email, phone, birthdate, notes) values
  ('77777777-7777-7777-7777-777777777771', 'Michael', 'Keller', 'm.keller@mail.ch', '079 555 12 34', '1991-03-14', 'Bevorzugt Termine am Nachmittag.'),
  ('77777777-7777-7777-7777-777777777772', 'Julia', 'Widmer', 'j.widmer@mail.ch', '078 222 45 11', '1994-07-02', null),
  ('77777777-7777-7777-7777-777777777773', 'Laura', 'Frei', 'l.frei@mail.ch', '076 333 98 21', '1996-11-20', null);

insert into shifts (artist_id, weekday, start_time, end_time) values
  ('22222222-2222-2222-2222-222222222221', 0, '09:00', '12:00'),
  ('22222222-2222-2222-2222-222222222221', 0, '14:00', '18:00'),
  ('22222222-2222-2222-2222-222222222221', 1, '09:00', '18:00'),
  ('22222222-2222-2222-2222-222222222221', 2, '09:00', '18:00'),
  ('22222222-2222-2222-2222-222222222222', 1, '09:00', '16:00'),
  ('22222222-2222-2222-2222-222222222222', 2, '09:00', '16:00');

insert into appointments (id, location_id, customer_id, artist_id, start_time, end_time, type, status) values
  ('88888888-8888-8888-8888-888888888881', '11111111-1111-1111-1111-111111111111', '77777777-7777-7777-7777-777777777771', '22222222-2222-2222-2222-222222222221', now()::date + time '09:00', now()::date + time '10:30', 'termin', 'kassiert'),
  ('88888888-8888-8888-8888-888888888882', '11111111-1111-1111-1111-111111111111', '77777777-7777-7777-7777-777777777772', '22222222-2222-2222-2222-222222222222', now()::date + time '10:30', now()::date + time '11:00', 'termin', 'gebucht');

insert into vouchers (code, value, remaining_value, buyer_customer_id, status) values
  ('2SK-8F3K9', 200.00, 200.00, '77777777-7777-7777-7777-777777777772', 'aktiv'),
  ('2SK-QX71R', 150.00, 60.00, null, 'aktiv');
